{"series": "friends", "details": [{"season": 5, "episodes": [{"name": "http://s8.bitdl.ir/Series/friends/S05/Friends.S05E01.720p.Bluray.Bia2HD.mkv", "url": "http://s8.bitdl.ir/Series/friends/S05/Friends.S05E01.720p.Bluray.Bia2HD.mkv", "thumbs": ["url1", "url2", "url3"], "subtitle": "tilte"}, {"name": "http://s8.bitdl.ir/Series/friends/S05/Friends.S05E02.720p.Bluray.Bia2HD.mkv", "url": "http://s8.bitdl.ir/Series/friends/S05/Friends.S05E02.720p.Bluray.Bia2HD.mkv", "thumbs": ["url1", "url2", "url3"], "subtitle": "tilte"}, {"name": "http://s8.bitdl.ir/Series/friends/S05/Friends.S05E03.720p.Bluray.Bia2HD.mkv", "url": "http://s8.bitdl.ir/Series/friends/S05/Friends.S05E03.720p.Bluray.Bia2HD.mkv", "thumbs": ["url1", "url2", "url3"], "subtitle": "tilte"}, {"name": "http://s8.bitdl.ir/Series/friends/S05/Friends.S05E04.720p.Bluray.Bia2HD.mkv", "url": "http://s8.bitdl.ir/Series/friends/S05/Friends.S05E04.720p.Bluray.Bia2HD.mkv", "thumbs": ["url1", "url2", "url3"], "subtitle": "tilte"}, {"name": "http://s8.bitdl.ir/Series/friends/S05/Friends.S05E05.720p.Bluray.Bia2HD.mkv", "url": "http://s8.bitdl.ir/Series/friends/S05/Friends.S05E05.720p.Bluray.Bia2HD.mkv", "thumbs": ["url1", "url2", "url3"], "subtitle": "tilte"}, {"name": "http://s8.bitdl.ir/Series/friends/S05/Friends.S05E06.720p.Bluray.Bia2HD.mkv", "url": "http://s8.bitdl.ir/Series/friends/S05/Friends.S05E06.720p.Bluray.Bia2HD.mkv", "thumbs": ["url1", "url2", "url3"], "subtitle": "tilte"}, {"name": "http://s8.bitdl.ir/Series/friends/S05/Friends.S05E07.720p.Bluray.Bia2HD.mkv", "url": "http://s8.bitdl.ir/Series/friends/S05/Friends.S05E07.720p.Bluray.Bia2HD.mkv", "thumbs": ["url1", "url2", "url3"], "subtitle": "tilte"}, {"name": "http://s8.bitdl.ir/Series/friends/S05/Friends.S05E08.720p.Bluray.Bia2HD.mkv", "url": "http://s8.bitdl.ir/Series/friends/S05/Friends.S05E08.720p.Bluray.Bia2HD.mkv", "thumbs": ["url1", "url2", "url3"], "subtitle": "tilte"}, {"name": "http://s8.bitdl.ir/Series/friends/S05/Friends.S05E09.720p.Bluray.Bia2HD.mkv", "url": "http://s8.bitdl.ir/Series/friends/S05/Friends.S05E09.720p.Bluray.Bia2HD.mkv", "thumbs": ["url1", "url2", "url3"], "subtitle": "tilte"}, {"name": "http://s8.bitdl.ir/Series/friends/S05/Friends.S05E10.720p.Bluray.Bia2HD.mkv", "url": "http://s8.bitdl.ir/Series/friends/S05/Friends.S05E10.720p.Bluray.Bia2HD.mkv", "thumbs": ["url1", "url2", "url3"], "subtitle": "tilte"}, {"name": "http://s8.bitdl.ir/Series/friends/S05/Friends.S05E11.720p.Bluray.Bia2HD.mkv", "url": "http://s8.bitdl.ir/Series/friends/S05/Friends.S05E11.720p.Bluray.Bia2HD.mkv", "thumbs": ["url1", "url2", "url3"], "subtitle": "tilte"}, {"name": "http://s8.bitdl.ir/Series/friends/S05/Friends.S05E12.720p.Bluray.Bia2HD.mkv", "url": "http://s8.bitdl.ir/Series/friends/S05/Friends.S05E12.720p.Bluray.Bia2HD.mkv", "thumbs": ["url1", "url2", "url3"], "subtitle": "tilte"}, {"name": "http://s8.bitdl.ir/Series/friends/S05/Friends.S05E13.720p.Bluray.Bia2HD.mkv", "url": "http://s8.bitdl.ir/Series/friends/S05/Friends.S05E13.720p.Bluray.Bia2HD.mkv", "thumbs": ["url1", "url2", "url3"], "subtitle": "tilte"}, {"name": "http://s8.bitdl.ir/Series/friends/S05/Friends.S05E14.720p.Bluray.Bia2HD.mkv", "url": "http://s8.bitdl.ir/Series/friends/S05/Friends.S05E14.720p.Bluray.Bia2HD.mkv", "thumbs": ["url1", "url2", "url3"], "subtitle": "tilte"}, {"name": "http://s8.bitdl.ir/Series/friends/S05/Friends.S05E15.720p.Bluray.Bia2HD.mkv", "url": "http://s8.bitdl.ir/Series/friends/S05/Friends.S05E15.720p.Bluray.Bia2HD.mkv", "thumbs": ["url1", "url2", "url3"], "subtitle": "tilte"}, {"name": "http://s8.bitdl.ir/Series/friends/S05/Friends.S05E16.720p.Bluray.Bia2HD.mkv", "url": "http://s8.bitdl.ir/Series/friends/S05/Friends.S05E16.720p.Bluray.Bia2HD.mkv", "thumbs": ["url1", "url2", "url3"], "subtitle": "tilte"}, {"name": "http://s8.bitdl.ir/Series/friends/S05/Friends.S05E17.720p.Bluray.Bia2HD.mkv", "url": "http://s8.bitdl.ir/Series/friends/S05/Friends.S05E17.720p.Bluray.Bia2HD.mkv", "thumbs": ["url1", "url2", "url3"], "subtitle": "tilte"}, {"name": "http://s8.bitdl.ir/Series/friends/S05/Friends.S05E18.720p.Bluray.Bia2HD.mkv", "url": "http://s8.bitdl.ir/Series/friends/S05/Friends.S05E18.720p.Bluray.Bia2HD.mkv", "thumbs": ["url1", "url2", "url3"], "subtitle": "tilte"}, {"name": "http://s8.bitdl.ir/Series/friends/S05/Friends.S05E19.720p.Bluray.Bia2HD.mkv", "url": "http://s8.bitdl.ir/Series/friends/S05/Friends.S05E19.720p.Bluray.Bia2HD.mkv", "thumbs": ["url1", "url2", "url3"], "subtitle": "tilte"}, {"name": "http://s8.bitdl.ir/Series/friends/S05/Friends.S05E20.720p.Bluray.Bia2HD.mkv", "url": "http://s8.bitdl.ir/Series/friends/S05/Friends.S05E20.720p.Bluray.Bia2HD.mkv", "thumbs": ["url1", "url2", "url3"], "subtitle": "tilte"}, {"name": "http://s8.bitdl.ir/Series/friends/S05/Friends.S05E21.720p.Bluray.Bia2HD.mkv", "url": "http://s8.bitdl.ir/Series/friends/S05/Friends.S05E21.720p.Bluray.Bia2HD.mkv", "thumbs": ["url1", "url2", "url3"], "subtitle": "tilte"}, {"name": "http://s8.bitdl.ir/Series/friends/S05/Friends.S05E22.720p.Bluray.Bia2HD.mkv", "url": "http://s8.bitdl.ir/Series/friends/S05/Friends.S05E22.720p.Bluray.Bia2HD.mkv", "thumbs": ["url1", "url2", "url3"], "subtitle": "tilte"}, {"name": "http://s8.bitdl.ir/Series/friends/S05/Friends.S05E23.720p.Bluray.Bia2HD.mkv", "url": "http://s8.bitdl.ir/Series/friends/S05/Friends.S05E23.720p.Bluray.Bia2HD.mkv", "thumbs": ["url1", "url2", "url3"], "subtitle": "tilte"}, {"name": "http://s8.bitdl.ir/Series/friends/S05/Friends.S05E24.720p.Bluray.Bia2HD.mkv", "url": "http://s8.bitdl.ir/Series/friends/S05/Friends.S05E24.720p.Bluray.Bia2HD.mkv", "thumbs": ["url1", "url2", "url3"], "subtitle": "tilte"}]}]}