{"series": "friends", "details": [{"season": 8, "episodes": [{"name": "http://s8.bitdl.ir/Series/friends/S08/Friends.S08E01.720p.Bluray.Bia2HD.mkv", "url": "http://s8.bitdl.ir/Series/friends/S08/Friends.S08E01.720p.Bluray.Bia2HD.mkv", "thumbs": ["url1", "url2", "url3"], "subtitle": "tilte"}, {"name": "http://s8.bitdl.ir/Series/friends/S08/Friends.S08E02.720p.Bluray.Bia2HD.mkv", "url": "http://s8.bitdl.ir/Series/friends/S08/Friends.S08E02.720p.Bluray.Bia2HD.mkv", "thumbs": ["url1", "url2", "url3"], "subtitle": "tilte"}, {"name": "http://s8.bitdl.ir/Series/friends/S08/Friends.S08E03.720p.Bluray.Bia2HD.mkv", "url": "http://s8.bitdl.ir/Series/friends/S08/Friends.S08E03.720p.Bluray.Bia2HD.mkv", "thumbs": ["url1", "url2", "url3"], "subtitle": "tilte"}, {"name": "http://s8.bitdl.ir/Series/friends/S08/Friends.S08E04.720p.Bluray.Bia2HD.mkv", "url": "http://s8.bitdl.ir/Series/friends/S08/Friends.S08E04.720p.Bluray.Bia2HD.mkv", "thumbs": ["url1", "url2", "url3"], "subtitle": "tilte"}, {"name": "http://s8.bitdl.ir/Series/friends/S08/Friends.S08E05.720p.Bluray.Bia2HD.mkv", "url": "http://s8.bitdl.ir/Series/friends/S08/Friends.S08E05.720p.Bluray.Bia2HD.mkv", "thumbs": ["url1", "url2", "url3"], "subtitle": "tilte"}, {"name": "http://s8.bitdl.ir/Series/friends/S08/Friends.S08E06.720p.Bluray.Bia2HD.mkv", "url": "http://s8.bitdl.ir/Series/friends/S08/Friends.S08E06.720p.Bluray.Bia2HD.mkv", "thumbs": ["url1", "url2", "url3"], "subtitle": "tilte"}, {"name": "http://s8.bitdl.ir/Series/friends/S08/Friends.S08E07.720p.Bluray.Bia2HD.mkv", "url": "http://s8.bitdl.ir/Series/friends/S08/Friends.S08E07.720p.Bluray.Bia2HD.mkv", "thumbs": ["url1", "url2", "url3"], "subtitle": "tilte"}, {"name": "http://s8.bitdl.ir/Series/friends/S08/Friends.S08E08.720p.Bluray.Bia2HD.mkv", "url": "http://s8.bitdl.ir/Series/friends/S08/Friends.S08E08.720p.Bluray.Bia2HD.mkv", "thumbs": ["url1", "url2", "url3"], "subtitle": "tilte"}, {"name": "http://s8.bitdl.ir/Series/friends/S08/Friends.S08E09.720p.Bluray.Bia2HD.mkv", "url": "http://s8.bitdl.ir/Series/friends/S08/Friends.S08E09.720p.Bluray.Bia2HD.mkv", "thumbs": ["url1", "url2", "url3"], "subtitle": "tilte"}, {"name": "http://s8.bitdl.ir/Series/friends/S08/Friends.S08E10.720p.Bluray.Bia2HD.mkv", "url": "http://s8.bitdl.ir/Series/friends/S08/Friends.S08E10.720p.Bluray.Bia2HD.mkv", "thumbs": ["url1", "url2", "url3"], "subtitle": "tilte"}, {"name": "http://s8.bitdl.ir/Series/friends/S08/Friends.S08E11.720p.Bluray.Bia2HD.mkv", "url": "http://s8.bitdl.ir/Series/friends/S08/Friends.S08E11.720p.Bluray.Bia2HD.mkv", "thumbs": ["url1", "url2", "url3"], "subtitle": "tilte"}, {"name": "http://s8.bitdl.ir/Series/friends/S08/Friends.S08E12.720p.Bluray.Bia2HD.mkv", "url": "http://s8.bitdl.ir/Series/friends/S08/Friends.S08E12.720p.Bluray.Bia2HD.mkv", "thumbs": ["url1", "url2", "url3"], "subtitle": "tilte"}, {"name": "http://s8.bitdl.ir/Series/friends/S08/Friends.S08E13.720p.Bluray.Bia2HD.mkv", "url": "http://s8.bitdl.ir/Series/friends/S08/Friends.S08E13.720p.Bluray.Bia2HD.mkv", "thumbs": ["url1", "url2", "url3"], "subtitle": "tilte"}, {"name": "http://s8.bitdl.ir/Series/friends/S08/Friends.S08E14.720p.Bluray.Bia2HD.mkv", "url": "http://s8.bitdl.ir/Series/friends/S08/Friends.S08E14.720p.Bluray.Bia2HD.mkv", "thumbs": ["url1", "url2", "url3"], "subtitle": "tilte"}, {"name": "http://s8.bitdl.ir/Series/friends/S08/Friends.S08E15.720p.Bluray.Bia2HD.mkv", "url": "http://s8.bitdl.ir/Series/friends/S08/Friends.S08E15.720p.Bluray.Bia2HD.mkv", "thumbs": ["url1", "url2", "url3"], "subtitle": "tilte"}, {"name": "http://s8.bitdl.ir/Series/friends/S08/Friends.S08E16.720p.Bluray.Bia2HD.mkv", "url": "http://s8.bitdl.ir/Series/friends/S08/Friends.S08E16.720p.Bluray.Bia2HD.mkv", "thumbs": ["url1", "url2", "url3"], "subtitle": "tilte"}, {"name": "http://s8.bitdl.ir/Series/friends/S08/Friends.S08E17.720p.Bluray.Bia2HD.mkv", "url": "http://s8.bitdl.ir/Series/friends/S08/Friends.S08E17.720p.Bluray.Bia2HD.mkv", "thumbs": ["url1", "url2", "url3"], "subtitle": "tilte"}, {"name": "http://s8.bitdl.ir/Series/friends/S08/Friends.S08E18.720p.Bluray.Bia2HD.mkv", "url": "http://s8.bitdl.ir/Series/friends/S08/Friends.S08E18.720p.Bluray.Bia2HD.mkv", "thumbs": ["url1", "url2", "url3"], "subtitle": "tilte"}, {"name": "http://s8.bitdl.ir/Series/friends/S08/Friends.S08E19.720p.Bluray.Bia2HD.mkv", "url": "http://s8.bitdl.ir/Series/friends/S08/Friends.S08E19.720p.Bluray.Bia2HD.mkv", "thumbs": ["url1", "url2", "url3"], "subtitle": "tilte"}, {"name": "http://s8.bitdl.ir/Series/friends/S08/Friends.S08E20.720p.Bluray.Bia2HD.mkv", "url": "http://s8.bitdl.ir/Series/friends/S08/Friends.S08E20.720p.Bluray.Bia2HD.mkv", "thumbs": ["url1", "url2", "url3"], "subtitle": "tilte"}, {"name": "http://s8.bitdl.ir/Series/friends/S08/Friends.S08E21.720p.Bluray.Bia2HD.mkv", "url": "http://s8.bitdl.ir/Series/friends/S08/Friends.S08E21.720p.Bluray.Bia2HD.mkv", "thumbs": ["url1", "url2", "url3"], "subtitle": "tilte"}, {"name": "http://s8.bitdl.ir/Series/friends/S08/Friends.S08E22.720p.Bluray.Bia2HD.mkv", "url": "http://s8.bitdl.ir/Series/friends/S08/Friends.S08E22.720p.Bluray.Bia2HD.mkv", "thumbs": ["url1", "url2", "url3"], "subtitle": "tilte"}, {"name": "http://s8.bitdl.ir/Series/friends/S08/Friends.S08E23.720p.Bluray.Bia2HD.mkv", "url": "http://s8.bitdl.ir/Series/friends/S08/Friends.S08E23.720p.Bluray.Bia2HD.mkv", "thumbs": ["url1", "url2", "url3"], "subtitle": "tilte"}, {"name": "http://s8.bitdl.ir/Series/friends/S08/Friends.S08E24.720p.Bluray.Bia2HD.mkv", "url": "http://s8.bitdl.ir/Series/friends/S08/Friends.S08E24.720p.Bluray.Bia2HD.mkv", "thumbs": ["url1", "url2", "url3"], "subtitle": "tilte"}]}]}