{"series": "friends", "details": {"episodes": [{"name": "http://s8.bitdl.ir/Series/friends/S02/friends.s02e01.720p.bluray.x264-mrs.Bia2HD.mkv", "url": "http://s8.bitdl.ir/Series/friends/S02/friends.s02e01.720p.bluray.x264-mrs.Bia2HD.mkv", "thumbs": ["url1", "url2", "url3"], "subtitle": "tilte"}, {"name": "http://s8.bitdl.ir/Series/friends/S02/friends.s02e02.720p.bluray.x264-mrs.Bia2HD.mkv", "url": "http://s8.bitdl.ir/Series/friends/S02/friends.s02e02.720p.bluray.x264-mrs.Bia2HD.mkv", "thumbs": ["url1", "url2", "url3"], "subtitle": "tilte"}, {"name": "http://s8.bitdl.ir/Series/friends/S02/friends.s02e03.720p.bluray.x264-mrs.Bia2HD.mkv", "url": "http://s8.bitdl.ir/Series/friends/S02/friends.s02e03.720p.bluray.x264-mrs.Bia2HD.mkv", "thumbs": ["url1", "url2", "url3"], "subtitle": "tilte"}, {"name": "http://s8.bitdl.ir/Series/friends/S02/friends.s02e04.720p.bluray.x264-mrs.Bia2HD.mkv", "url": "http://s8.bitdl.ir/Series/friends/S02/friends.s02e04.720p.bluray.x264-mrs.Bia2HD.mkv", "thumbs": ["url1", "url2", "url3"], "subtitle": "tilte"}, {"name": "http://s8.bitdl.ir/Series/friends/S02/friends.s02e05.720p.bluray.x264-mrs.Bia2HD.mkv", "url": "http://s8.bitdl.ir/Series/friends/S02/friends.s02e05.720p.bluray.x264-mrs.Bia2HD.mkv", "thumbs": ["url1", "url2", "url3"], "subtitle": "tilte"}, {"name": "http://s8.bitdl.ir/Series/friends/S02/friends.s02e06.720p.bluray.x264-mrs.Bia2HD.mkv", "url": "http://s8.bitdl.ir/Series/friends/S02/friends.s02e06.720p.bluray.x264-mrs.Bia2HD.mkv", "thumbs": ["url1", "url2", "url3"], "subtitle": "tilte"}, {"name": "http://s8.bitdl.ir/Series/friends/S02/friends.s02e07.720p.bluray.x264-mrs.Bia2HD.mkv", "url": "http://s8.bitdl.ir/Series/friends/S02/friends.s02e07.720p.bluray.x264-mrs.Bia2HD.mkv", "thumbs": ["url1", "url2", "url3"], "subtitle": "tilte"}, {"name": "http://s8.bitdl.ir/Series/friends/S02/friends.s02e08.720p.bluray.x264-mrs.Bia2HD.mkv", "url": "http://s8.bitdl.ir/Series/friends/S02/friends.s02e08.720p.bluray.x264-mrs.Bia2HD.mkv", "thumbs": ["url1", "url2", "url3"], "subtitle": "tilte"}, {"name": "http://s8.bitdl.ir/Series/friends/S02/friends.s02e09.720p.bluray.x264-mrs.Bia2HD.mkv", "url": "http://s8.bitdl.ir/Series/friends/S02/friends.s02e09.720p.bluray.x264-mrs.Bia2HD.mkv", "thumbs": ["url1", "url2", "url3"], "subtitle": "tilte"}, {"name": "http://s8.bitdl.ir/Series/friends/S02/friends.s02e10.720p.bluray.x264-mrs.Bia2HD.mkv", "url": "http://s8.bitdl.ir/Series/friends/S02/friends.s02e10.720p.bluray.x264-mrs.Bia2HD.mkv", "thumbs": ["url1", "url2", "url3"], "subtitle": "tilte"}, {"name": "http://s8.bitdl.ir/Series/friends/S02/friends.s02e11.720p.bluray.x264-mrs.Bia2HD.mkv", "url": "http://s8.bitdl.ir/Series/friends/S02/friends.s02e11.720p.bluray.x264-mrs.Bia2HD.mkv", "thumbs": ["url1", "url2", "url3"], "subtitle": "tilte"}, {"name": "http://s8.bitdl.ir/Series/friends/S02/friends.s02e12.720p.bluray.x264-mrs.Bia2HD.mkv", "url": "http://s8.bitdl.ir/Series/friends/S02/friends.s02e12.720p.bluray.x264-mrs.Bia2HD.mkv", "thumbs": ["url1", "url2", "url3"], "subtitle": "tilte"}, {"name": "http://s8.bitdl.ir/Series/friends/S02/friends.s02e13.720p.bluray.x264-mrs.Bia2HD.mkv", "url": "http://s8.bitdl.ir/Series/friends/S02/friends.s02e13.720p.bluray.x264-mrs.Bia2HD.mkv", "thumbs": ["url1", "url2", "url3"], "subtitle": "tilte"}, {"name": "http://s8.bitdl.ir/Series/friends/S02/friends.s02e14.720p.bluray.x264-mrs.Bia2HD.mkv", "url": "http://s8.bitdl.ir/Series/friends/S02/friends.s02e14.720p.bluray.x264-mrs.Bia2HD.mkv", "thumbs": ["url1", "url2", "url3"], "subtitle": "tilte"}, {"name": "http://s8.bitdl.ir/Series/friends/S02/friends.s02e15.720p.bluray.x264-mrs.Bia2HD.mkv", "url": "http://s8.bitdl.ir/Series/friends/S02/friends.s02e15.720p.bluray.x264-mrs.Bia2HD.mkv", "thumbs": ["url1", "url2", "url3"], "subtitle": "tilte"}, {"name": "http://s8.bitdl.ir/Series/friends/S02/friends.s02e16.720p.bluray.x264-mrs.Bia2HD.mkv", "url": "http://s8.bitdl.ir/Series/friends/S02/friends.s02e16.720p.bluray.x264-mrs.Bia2HD.mkv", "thumbs": ["url1", "url2", "url3"], "subtitle": "tilte"}, {"name": "http://s8.bitdl.ir/Series/friends/S02/friends.s02e17.720p.bluray.x264-mrs.Bia2HD.mkv", "url": "http://s8.bitdl.ir/Series/friends/S02/friends.s02e17.720p.bluray.x264-mrs.Bia2HD.mkv", "thumbs": ["url1", "url2", "url3"], "subtitle": "tilte"}, {"name": "http://s8.bitdl.ir/Series/friends/S02/friends.s02e18.720p.bluray.x264-mrs.Bia2HD.mkv", "url": "http://s8.bitdl.ir/Series/friends/S02/friends.s02e18.720p.bluray.x264-mrs.Bia2HD.mkv", "thumbs": ["url1", "url2", "url3"], "subtitle": "tilte"}, {"name": "http://s8.bitdl.ir/Series/friends/S02/friends.s02e19.720p.bluray.x264-mrs.Bia2HD.mkv", "url": "http://s8.bitdl.ir/Series/friends/S02/friends.s02e19.720p.bluray.x264-mrs.Bia2HD.mkv", "thumbs": ["url1", "url2", "url3"], "subtitle": "tilte"}, {"name": "http://s8.bitdl.ir/Series/friends/S02/friends.s02e20.720p.bluray.x264-mrs.Bia2HD.mkv", "url": "http://s8.bitdl.ir/Series/friends/S02/friends.s02e20.720p.bluray.x264-mrs.Bia2HD.mkv", "thumbs": ["url1", "url2", "url3"], "subtitle": "tilte"}, {"name": "http://s8.bitdl.ir/Series/friends/S02/friends.s02e21.720p.bluray.x264-mrs.Bia2HD.mkv", "url": "http://s8.bitdl.ir/Series/friends/S02/friends.s02e21.720p.bluray.x264-mrs.Bia2HD.mkv", "thumbs": ["url1", "url2", "url3"], "subtitle": "tilte"}, {"name": "http://s8.bitdl.ir/Series/friends/S02/friends.s02e22.720p.bluray.x264-mrs.Bia2HD.mkv", "url": "http://s8.bitdl.ir/Series/friends/S02/friends.s02e22.720p.bluray.x264-mrs.Bia2HD.mkv", "thumbs": ["url1", "url2", "url3"], "subtitle": "tilte"}, {"name": "http://s8.bitdl.ir/Series/friends/S02/friends.s02e23.720p.bluray.x264-mrs.Bia2HD.mkv", "url": "http://s8.bitdl.ir/Series/friends/S02/friends.s02e23.720p.bluray.x264-mrs.Bia2HD.mkv", "thumbs": ["url1", "url2", "url3"], "subtitle": "tilte"}, {"name": "http://s8.bitdl.ir/Series/friends/S02/friends.s02e24.720p.bluray.x264-mrs.Bia2HD.mkv", "url": "http://s8.bitdl.ir/Series/friends/S02/friends.s02e24.720p.bluray.x264-mrs.Bia2HD.mkv", "thumbs": ["url1", "url2", "url3"], "subtitle": "tilte"}]}}