{"series": "friends", "details": [{"season": 6, "episodes": [{"name": "http://s8.bitdl.ir/Series/friends/S06/Friends.S06E01.720p.Bluray.Bia2HD.mkv", "url": "http://s8.bitdl.ir/Series/friends/S06/Friends.S06E01.720p.Bluray.Bia2HD.mkv", "thumbs": ["url1", "url2", "url3"], "subtitle": "tilte"}, {"name": "http://s8.bitdl.ir/Series/friends/S06/Friends.S06E02.720p.Bluray.Bia2HD.mkv", "url": "http://s8.bitdl.ir/Series/friends/S06/Friends.S06E02.720p.Bluray.Bia2HD.mkv", "thumbs": ["url1", "url2", "url3"], "subtitle": "tilte"}, {"name": "http://s8.bitdl.ir/Series/friends/S06/Friends.S06E03.720p.Bluray.Bia2HD.mkv", "url": "http://s8.bitdl.ir/Series/friends/S06/Friends.S06E03.720p.Bluray.Bia2HD.mkv", "thumbs": ["url1", "url2", "url3"], "subtitle": "tilte"}, {"name": "http://s8.bitdl.ir/Series/friends/S06/Friends.S06E04.720p.Bluray.Bia2HD.mkv", "url": "http://s8.bitdl.ir/Series/friends/S06/Friends.S06E04.720p.Bluray.Bia2HD.mkv", "thumbs": ["url1", "url2", "url3"], "subtitle": "tilte"}, {"name": "http://s8.bitdl.ir/Series/friends/S06/Friends.S06E05.720p.Bluray.Bia2HD.mkv", "url": "http://s8.bitdl.ir/Series/friends/S06/Friends.S06E05.720p.Bluray.Bia2HD.mkv", "thumbs": ["url1", "url2", "url3"], "subtitle": "tilte"}, {"name": "http://s8.bitdl.ir/Series/friends/S06/Friends.S06E06.720p.Bluray.Bia2HD.mkv", "url": "http://s8.bitdl.ir/Series/friends/S06/Friends.S06E06.720p.Bluray.Bia2HD.mkv", "thumbs": ["url1", "url2", "url3"], "subtitle": "tilte"}, {"name": "http://s8.bitdl.ir/Series/friends/S06/Friends.S06E07.720p.Bluray.Bia2HD.mkv", "url": "http://s8.bitdl.ir/Series/friends/S06/Friends.S06E07.720p.Bluray.Bia2HD.mkv", "thumbs": ["url1", "url2", "url3"], "subtitle": "tilte"}, {"name": "http://s8.bitdl.ir/Series/friends/S06/Friends.S06E08.720p.Bluray.Bia2HD.mkv", "url": "http://s8.bitdl.ir/Series/friends/S06/Friends.S06E08.720p.Bluray.Bia2HD.mkv", "thumbs": ["url1", "url2", "url3"], "subtitle": "tilte"}, {"name": "http://s8.bitdl.ir/Series/friends/S06/Friends.S06E09.720p.Bluray.Bia2HD.mkv", "url": "http://s8.bitdl.ir/Series/friends/S06/Friends.S06E09.720p.Bluray.Bia2HD.mkv", "thumbs": ["url1", "url2", "url3"], "subtitle": "tilte"}, {"name": "http://s8.bitdl.ir/Series/friends/S06/Friends.S06E10.720p.Bluray.Bia2HD.mkv", "url": "http://s8.bitdl.ir/Series/friends/S06/Friends.S06E10.720p.Bluray.Bia2HD.mkv", "thumbs": ["url1", "url2", "url3"], "subtitle": "tilte"}, {"name": "http://s8.bitdl.ir/Series/friends/S06/Friends.S06E11.720p.Bluray.Bia2HD.mkv", "url": "http://s8.bitdl.ir/Series/friends/S06/Friends.S06E11.720p.Bluray.Bia2HD.mkv", "thumbs": ["url1", "url2", "url3"], "subtitle": "tilte"}, {"name": "http://s8.bitdl.ir/Series/friends/S06/Friends.S06E12.720p.Bluray.Bia2HD.mkv", "url": "http://s8.bitdl.ir/Series/friends/S06/Friends.S06E12.720p.Bluray.Bia2HD.mkv", "thumbs": ["url1", "url2", "url3"], "subtitle": "tilte"}, {"name": "http://s8.bitdl.ir/Series/friends/S06/Friends.S06E13.720p.Bluray.Bia2HD.mkv", "url": "http://s8.bitdl.ir/Series/friends/S06/Friends.S06E13.720p.Bluray.Bia2HD.mkv", "thumbs": ["url1", "url2", "url3"], "subtitle": "tilte"}, {"name": "http://s8.bitdl.ir/Series/friends/S06/Friends.S06E14.720p.Bluray.Bia2HD.mkv", "url": "http://s8.bitdl.ir/Series/friends/S06/Friends.S06E14.720p.Bluray.Bia2HD.mkv", "thumbs": ["url1", "url2", "url3"], "subtitle": "tilte"}, {"name": "http://s8.bitdl.ir/Series/friends/S06/Friends.S06E15.720p.Bluray.Bia2HD.mkv", "url": "http://s8.bitdl.ir/Series/friends/S06/Friends.S06E15.720p.Bluray.Bia2HD.mkv", "thumbs": ["url1", "url2", "url3"], "subtitle": "tilte"}, {"name": "http://s8.bitdl.ir/Series/friends/S06/Friends.S06E16.720p.Bluray.Bia2HD.mkv", "url": "http://s8.bitdl.ir/Series/friends/S06/Friends.S06E16.720p.Bluray.Bia2HD.mkv", "thumbs": ["url1", "url2", "url3"], "subtitle": "tilte"}, {"name": "http://s8.bitdl.ir/Series/friends/S06/Friends.S06E17.720p.Bluray.Bia2HD.mkv", "url": "http://s8.bitdl.ir/Series/friends/S06/Friends.S06E17.720p.Bluray.Bia2HD.mkv", "thumbs": ["url1", "url2", "url3"], "subtitle": "tilte"}, {"name": "http://s8.bitdl.ir/Series/friends/S06/Friends.S06E18.720p.Bluray.Bia2HD.mkv", "url": "http://s8.bitdl.ir/Series/friends/S06/Friends.S06E18.720p.Bluray.Bia2HD.mkv", "thumbs": ["url1", "url2", "url3"], "subtitle": "tilte"}, {"name": "http://s8.bitdl.ir/Series/friends/S06/Friends.S06E19.720p.Bluray.Bia2HD.mkv", "url": "http://s8.bitdl.ir/Series/friends/S06/Friends.S06E19.720p.Bluray.Bia2HD.mkv", "thumbs": ["url1", "url2", "url3"], "subtitle": "tilte"}, {"name": "http://s8.bitdl.ir/Series/friends/S06/Friends.S06E20.720p.Bluray.Bia2HD.mkv", "url": "http://s8.bitdl.ir/Series/friends/S06/Friends.S06E20.720p.Bluray.Bia2HD.mkv", "thumbs": ["url1", "url2", "url3"], "subtitle": "tilte"}, {"name": "http://s8.bitdl.ir/Series/friends/S06/Friends.S06E21.720p.Bluray.Bia2HD.mkv", "url": "http://s8.bitdl.ir/Series/friends/S06/Friends.S06E21.720p.Bluray.Bia2HD.mkv", "thumbs": ["url1", "url2", "url3"], "subtitle": "tilte"}, {"name": "http://s8.bitdl.ir/Series/friends/S06/Friends.S06E22.720p.Bluray.Bia2HD.mkv", "url": "http://s8.bitdl.ir/Series/friends/S06/Friends.S06E22.720p.Bluray.Bia2HD.mkv", "thumbs": ["url1", "url2", "url3"], "subtitle": "tilte"}, {"name": "http://s8.bitdl.ir/Series/friends/S06/Friends.S06E23.720p.Bluray.Bia2HD.mkv", "url": "http://s8.bitdl.ir/Series/friends/S06/Friends.S06E23.720p.Bluray.Bia2HD.mkv", "thumbs": ["url1", "url2", "url3"], "subtitle": "tilte"}, {"name": "http://s8.bitdl.ir/Series/friends/S06/Friends.S06E24.720p.Bluray.Bia2HD.mkv", "url": "http://s8.bitdl.ir/Series/friends/S06/Friends.S06E24.720p.Bluray.Bia2HD.mkv", "thumbs": ["url1", "url2", "url3"], "subtitle": "tilte"}, {"name": "http://s8.bitdl.ir/Series/friends/S06/Friends.S06E25.720p.Bluray.Bia2HD.mkv", "url": "http://s8.bitdl.ir/Series/friends/S06/Friends.S06E25.720p.Bluray.Bia2HD.mkv", "thumbs": ["url1", "url2", "url3"], "subtitle": "tilte"}]}]}