{"series": "friends", "details": [{"season": 1, "episodes": [{"name": "http://s8.bitdl.ir/Series/friends/S01/Friends.S01E01.720p.Bia2HD.mkv", "url": "http://s8.bitdl.ir/Series/friends/S01/Friends.S01E01.720p.Bia2HD.mkv", "thumbs": ["url1", "url2", "url3"], "subtitle": "tilte"}, {"name": "http://s8.bitdl.ir/Series/friends/S01/Friends.S01E02.720p.Bia2HD.mkv", "url": "http://s8.bitdl.ir/Series/friends/S01/Friends.S01E02.720p.Bia2HD.mkv", "thumbs": ["url1", "url2", "url3"], "subtitle": "tilte"}, {"name": "http://s8.bitdl.ir/Series/friends/S01/Friends.S01E03.720p.Bia2HD.mkv", "url": "http://s8.bitdl.ir/Series/friends/S01/Friends.S01E03.720p.Bia2HD.mkv", "thumbs": ["url1", "url2", "url3"], "subtitle": "tilte"}, {"name": "http://s8.bitdl.ir/Series/friends/S01/Friends.S01E04.720p.Bia2HD.mkv", "url": "http://s8.bitdl.ir/Series/friends/S01/Friends.S01E04.720p.Bia2HD.mkv", "thumbs": ["url1", "url2", "url3"], "subtitle": "tilte"}, {"name": "http://s8.bitdl.ir/Series/friends/S01/Friends.S01E05.720p.Bia2HD.mkv", "url": "http://s8.bitdl.ir/Series/friends/S01/Friends.S01E05.720p.Bia2HD.mkv", "thumbs": ["url1", "url2", "url3"], "subtitle": "tilte"}, {"name": "http://s8.bitdl.ir/Series/friends/S01/Friends.S01E06.720p.Bia2HD.mkv", "url": "http://s8.bitdl.ir/Series/friends/S01/Friends.S01E06.720p.Bia2HD.mkv", "thumbs": ["url1", "url2", "url3"], "subtitle": "tilte"}, {"name": "http://s8.bitdl.ir/Series/friends/S01/Friends.S01E07.720p.Bia2HD.mkv", "url": "http://s8.bitdl.ir/Series/friends/S01/Friends.S01E07.720p.Bia2HD.mkv", "thumbs": ["url1", "url2", "url3"], "subtitle": "tilte"}, {"name": "http://s8.bitdl.ir/Series/friends/S01/Friends.S01E08.720p.Bia2HD.mkv", "url": "http://s8.bitdl.ir/Series/friends/S01/Friends.S01E08.720p.Bia2HD.mkv", "thumbs": ["url1", "url2", "url3"], "subtitle": "tilte"}, {"name": "http://s8.bitdl.ir/Series/friends/S01/Friends.S01E09.720p.Bia2HD.mkv", "url": "http://s8.bitdl.ir/Series/friends/S01/Friends.S01E09.720p.Bia2HD.mkv", "thumbs": ["url1", "url2", "url3"], "subtitle": "tilte"}, {"name": "http://s8.bitdl.ir/Series/friends/S01/Friends.S01E10.720p.Bia2HD.mkv", "url": "http://s8.bitdl.ir/Series/friends/S01/Friends.S01E10.720p.Bia2HD.mkv", "thumbs": ["url1", "url2", "url3"], "subtitle": "tilte"}, {"name": "http://s8.bitdl.ir/Series/friends/S01/Friends.S01E11.720p.Bia2HD.mkv", "url": "http://s8.bitdl.ir/Series/friends/S01/Friends.S01E11.720p.Bia2HD.mkv", "thumbs": ["url1", "url2", "url3"], "subtitle": "tilte"}, {"name": "http://s8.bitdl.ir/Series/friends/S01/Friends.S01E12.720p.Bia2HD.mkv", "url": "http://s8.bitdl.ir/Series/friends/S01/Friends.S01E12.720p.Bia2HD.mkv", "thumbs": ["url1", "url2", "url3"], "subtitle": "tilte"}, {"name": "http://s8.bitdl.ir/Series/friends/S01/Friends.S01E13.720p.Bia2HD.mkv", "url": "http://s8.bitdl.ir/Series/friends/S01/Friends.S01E13.720p.Bia2HD.mkv", "thumbs": ["url1", "url2", "url3"], "subtitle": "tilte"}, {"name": "http://s8.bitdl.ir/Series/friends/S01/Friends.S01E14.720p.Bia2HD.mkv", "url": "http://s8.bitdl.ir/Series/friends/S01/Friends.S01E14.720p.Bia2HD.mkv", "thumbs": ["url1", "url2", "url3"], "subtitle": "tilte"}, {"name": "http://s8.bitdl.ir/Series/friends/S01/Friends.S01E15.720p.Bia2HD.mkv", "url": "http://s8.bitdl.ir/Series/friends/S01/Friends.S01E15.720p.Bia2HD.mkv", "thumbs": ["url1", "url2", "url3"], "subtitle": "tilte"}, {"name": "http://s8.bitdl.ir/Series/friends/S01/Friends.S01E16.720p.Bia2HD.mkv", "url": "http://s8.bitdl.ir/Series/friends/S01/Friends.S01E16.720p.Bia2HD.mkv", "thumbs": ["url1", "url2", "url3"], "subtitle": "tilte"}, {"name": "http://s8.bitdl.ir/Series/friends/S01/Friends.S01E17.720p.Bia2HD.mkv", "url": "http://s8.bitdl.ir/Series/friends/S01/Friends.S01E17.720p.Bia2HD.mkv", "thumbs": ["url1", "url2", "url3"], "subtitle": "tilte"}, {"name": "http://s8.bitdl.ir/Series/friends/S01/Friends.S01E18.720p.Bia2HD.mkv", "url": "http://s8.bitdl.ir/Series/friends/S01/Friends.S01E18.720p.Bia2HD.mkv", "thumbs": ["url1", "url2", "url3"], "subtitle": "tilte"}, {"name": "http://s8.bitdl.ir/Series/friends/S01/Friends.S01E19.720p.Bia2HD.mkv", "url": "http://s8.bitdl.ir/Series/friends/S01/Friends.S01E19.720p.Bia2HD.mkv", "thumbs": ["url1", "url2", "url3"], "subtitle": "tilte"}, {"name": "http://s8.bitdl.ir/Series/friends/S01/Friends.S01E20.720p.Bia2HD.mkv", "url": "http://s8.bitdl.ir/Series/friends/S01/Friends.S01E20.720p.Bia2HD.mkv", "thumbs": ["url1", "url2", "url3"], "subtitle": "tilte"}, {"name": "http://s8.bitdl.ir/Series/friends/S01/Friends.S01E21.720p.Bia2HD.mkv", "url": "http://s8.bitdl.ir/Series/friends/S01/Friends.S01E21.720p.Bia2HD.mkv", "thumbs": ["url1", "url2", "url3"], "subtitle": "tilte"}, {"name": "http://s8.bitdl.ir/Series/friends/S01/Friends.S01E22.720p.Bia2HD.mkv", "url": "http://s8.bitdl.ir/Series/friends/S01/Friends.S01E22.720p.Bia2HD.mkv", "thumbs": ["url1", "url2", "url3"], "subtitle": "tilte"}, {"name": "http://s8.bitdl.ir/Series/friends/S01/Friends.S01E23.720p.Bia2HD.mkv", "url": "http://s8.bitdl.ir/Series/friends/S01/Friends.S01E23.720p.Bia2HD.mkv", "thumbs": ["url1", "url2", "url3"], "subtitle": "tilte"}, {"name": "http://s8.bitdl.ir/Series/friends/S01/Friends.S01E24.720p.Bia2HD.mkv", "url": "http://s8.bitdl.ir/Series/friends/S01/Friends.S01E24.720p.Bia2HD.mkv", "thumbs": ["url1", "url2", "url3"], "subtitle": "tilte"}]}]}