{"series": "friends", "details": [{"season": 4, "episodes": [{"name": "http://s8.bitdl.ir/Series/friends/S04/Friends.S04E01.720p.Bluray.Bia2HD.mkv", "url": "http://s8.bitdl.ir/Series/friends/S04/Friends.S04E01.720p.Bluray.Bia2HD.mkv", "thumbs": ["url1", "url2", "url3"], "subtitle": "tilte"}, {"name": "http://s8.bitdl.ir/Series/friends/S04/Friends.S04E02.720p.Bluray.Bia2HD.mkv", "url": "http://s8.bitdl.ir/Series/friends/S04/Friends.S04E02.720p.Bluray.Bia2HD.mkv", "thumbs": ["url1", "url2", "url3"], "subtitle": "tilte"}, {"name": "http://s8.bitdl.ir/Series/friends/S04/Friends.S04E03.720p.Bluray.Bia2HD.mkv", "url": "http://s8.bitdl.ir/Series/friends/S04/Friends.S04E03.720p.Bluray.Bia2HD.mkv", "thumbs": ["url1", "url2", "url3"], "subtitle": "tilte"}, {"name": "http://s8.bitdl.ir/Series/friends/S04/Friends.S04E04.720p.Bluray.Bia2HD.mkv", "url": "http://s8.bitdl.ir/Series/friends/S04/Friends.S04E04.720p.Bluray.Bia2HD.mkv", "thumbs": ["url1", "url2", "url3"], "subtitle": "tilte"}, {"name": "http://s8.bitdl.ir/Series/friends/S04/Friends.S04E05.720p.Bluray.Bia2HD.mkv", "url": "http://s8.bitdl.ir/Series/friends/S04/Friends.S04E05.720p.Bluray.Bia2HD.mkv", "thumbs": ["url1", "url2", "url3"], "subtitle": "tilte"}, {"name": "http://s8.bitdl.ir/Series/friends/S04/Friends.S04E06.720p.Bluray.Bia2HD.mkv", "url": "http://s8.bitdl.ir/Series/friends/S04/Friends.S04E06.720p.Bluray.Bia2HD.mkv", "thumbs": ["url1", "url2", "url3"], "subtitle": "tilte"}, {"name": "http://s8.bitdl.ir/Series/friends/S04/Friends.S04E07.720p.Bluray.Bia2HD.mkv", "url": "http://s8.bitdl.ir/Series/friends/S04/Friends.S04E07.720p.Bluray.Bia2HD.mkv", "thumbs": ["url1", "url2", "url3"], "subtitle": "tilte"}, {"name": "http://s8.bitdl.ir/Series/friends/S04/Friends.S04E08.720p.Bluray.Bia2HD.mkv", "url": "http://s8.bitdl.ir/Series/friends/S04/Friends.S04E08.720p.Bluray.Bia2HD.mkv", "thumbs": ["url1", "url2", "url3"], "subtitle": "tilte"}, {"name": "http://s8.bitdl.ir/Series/friends/S04/Friends.S04E09.720p.Bluray.Bia2HD.mkv", "url": "http://s8.bitdl.ir/Series/friends/S04/Friends.S04E09.720p.Bluray.Bia2HD.mkv", "thumbs": ["url1", "url2", "url3"], "subtitle": "tilte"}, {"name": "http://s8.bitdl.ir/Series/friends/S04/Friends.S04E10.720p.Bluray.Bia2HD.mkv", "url": "http://s8.bitdl.ir/Series/friends/S04/Friends.S04E10.720p.Bluray.Bia2HD.mkv", "thumbs": ["url1", "url2", "url3"], "subtitle": "tilte"}, {"name": "http://s8.bitdl.ir/Series/friends/S04/Friends.S04E11.720p.Bluray.Bia2HD.mkv", "url": "http://s8.bitdl.ir/Series/friends/S04/Friends.S04E11.720p.Bluray.Bia2HD.mkv", "thumbs": ["url1", "url2", "url3"], "subtitle": "tilte"}, {"name": "http://s8.bitdl.ir/Series/friends/S04/Friends.S04E12.720p.Bluray.Bia2HD.mkv", "url": "http://s8.bitdl.ir/Series/friends/S04/Friends.S04E12.720p.Bluray.Bia2HD.mkv", "thumbs": ["url1", "url2", "url3"], "subtitle": "tilte"}, {"name": "http://s8.bitdl.ir/Series/friends/S04/Friends.S04E13.720p.Bluray.Bia2HD.mkv", "url": "http://s8.bitdl.ir/Series/friends/S04/Friends.S04E13.720p.Bluray.Bia2HD.mkv", "thumbs": ["url1", "url2", "url3"], "subtitle": "tilte"}, {"name": "http://s8.bitdl.ir/Series/friends/S04/Friends.S04E14.720p.Bluray.Bia2HD.mkv", "url": "http://s8.bitdl.ir/Series/friends/S04/Friends.S04E14.720p.Bluray.Bia2HD.mkv", "thumbs": ["url1", "url2", "url3"], "subtitle": "tilte"}, {"name": "http://s8.bitdl.ir/Series/friends/S04/Friends.S04E15.720p.Bluray.Bia2HD.mkv", "url": "http://s8.bitdl.ir/Series/friends/S04/Friends.S04E15.720p.Bluray.Bia2HD.mkv", "thumbs": ["url1", "url2", "url3"], "subtitle": "tilte"}, {"name": "http://s8.bitdl.ir/Series/friends/S04/Friends.S04E16.720p.Bluray.Bia2HD.mkv", "url": "http://s8.bitdl.ir/Series/friends/S04/Friends.S04E16.720p.Bluray.Bia2HD.mkv", "thumbs": ["url1", "url2", "url3"], "subtitle": "tilte"}, {"name": "http://s8.bitdl.ir/Series/friends/S04/Friends.S04E17.720p.Bluray.Bia2HD.mkv", "url": "http://s8.bitdl.ir/Series/friends/S04/Friends.S04E17.720p.Bluray.Bia2HD.mkv", "thumbs": ["url1", "url2", "url3"], "subtitle": "tilte"}, {"name": "http://s8.bitdl.ir/Series/friends/S04/Friends.S04E18.720p.Bluray.Bia2HD.mkv", "url": "http://s8.bitdl.ir/Series/friends/S04/Friends.S04E18.720p.Bluray.Bia2HD.mkv", "thumbs": ["url1", "url2", "url3"], "subtitle": "tilte"}, {"name": "http://s8.bitdl.ir/Series/friends/S04/Friends.S04E19.720p.Bluray.Bia2HD.mkv", "url": "http://s8.bitdl.ir/Series/friends/S04/Friends.S04E19.720p.Bluray.Bia2HD.mkv", "thumbs": ["url1", "url2", "url3"], "subtitle": "tilte"}, {"name": "http://s8.bitdl.ir/Series/friends/S04/Friends.S04E20.720p.Bluray.Bia2HD.mkv", "url": "http://s8.bitdl.ir/Series/friends/S04/Friends.S04E20.720p.Bluray.Bia2HD.mkv", "thumbs": ["url1", "url2", "url3"], "subtitle": "tilte"}, {"name": "http://s8.bitdl.ir/Series/friends/S04/Friends.S04E21.720p.Bluray.Bia2HD.mkv", "url": "http://s8.bitdl.ir/Series/friends/S04/Friends.S04E21.720p.Bluray.Bia2HD.mkv", "thumbs": ["url1", "url2", "url3"], "subtitle": "tilte"}, {"name": "http://s8.bitdl.ir/Series/friends/S04/Friends.S04E22.720p.Bluray.Bia2HD.mkv", "url": "http://s8.bitdl.ir/Series/friends/S04/Friends.S04E22.720p.Bluray.Bia2HD.mkv", "thumbs": ["url1", "url2", "url3"], "subtitle": "tilte"}, {"name": "http://s8.bitdl.ir/Series/friends/S04/Friends.S04E23.720p.Bluray.Bia2HD.mkv", "url": "http://s8.bitdl.ir/Series/friends/S04/Friends.S04E23.720p.Bluray.Bia2HD.mkv", "thumbs": ["url1", "url2", "url3"], "subtitle": "tilte"}, {"name": "http://s8.bitdl.ir/Series/friends/S04/Friends.S04E24.720p.Bluray.Bia2HD.mkv", "url": "http://s8.bitdl.ir/Series/friends/S04/Friends.S04E24.720p.Bluray.Bia2HD.mkv", "thumbs": ["url1", "url2", "url3"], "subtitle": "tilte"}]}]}