{"series": "friends", "details": [{"season": 9, "episodes": [{"name": "http://s8.bitdl.ir/Series/friends/S09/Friends.S09E01.720p.Bluray.Bia2HD.mkv", "url": "http://s8.bitdl.ir/Series/friends/S09/Friends.S09E01.720p.Bluray.Bia2HD.mkv", "thumbs": ["url1", "url2", "url3"], "subtitle": "tilte"}, {"name": "http://s8.bitdl.ir/Series/friends/S09/Friends.S09E02.720p.Bluray.Bia2HD.mkv", "url": "http://s8.bitdl.ir/Series/friends/S09/Friends.S09E02.720p.Bluray.Bia2HD.mkv", "thumbs": ["url1", "url2", "url3"], "subtitle": "tilte"}, {"name": "http://s8.bitdl.ir/Series/friends/S09/Friends.S09E03.720p.Bluray.Bia2HD.mkv", "url": "http://s8.bitdl.ir/Series/friends/S09/Friends.S09E03.720p.Bluray.Bia2HD.mkv", "thumbs": ["url1", "url2", "url3"], "subtitle": "tilte"}, {"name": "http://s8.bitdl.ir/Series/friends/S09/Friends.S09E04.720p.Bluray.Bia2HD.mkv", "url": "http://s8.bitdl.ir/Series/friends/S09/Friends.S09E04.720p.Bluray.Bia2HD.mkv", "thumbs": ["url1", "url2", "url3"], "subtitle": "tilte"}, {"name": "http://s8.bitdl.ir/Series/friends/S09/Friends.S09E05.720p.Bluray.Bia2HD.mkv", "url": "http://s8.bitdl.ir/Series/friends/S09/Friends.S09E05.720p.Bluray.Bia2HD.mkv", "thumbs": ["url1", "url2", "url3"], "subtitle": "tilte"}, {"name": "http://s8.bitdl.ir/Series/friends/S09/Friends.S09E06.720p.Bluray.Bia2HD.mkv", "url": "http://s8.bitdl.ir/Series/friends/S09/Friends.S09E06.720p.Bluray.Bia2HD.mkv", "thumbs": ["url1", "url2", "url3"], "subtitle": "tilte"}, {"name": "http://s8.bitdl.ir/Series/friends/S09/Friends.S09E07.720p.Bluray.Bia2HD.mkv", "url": "http://s8.bitdl.ir/Series/friends/S09/Friends.S09E07.720p.Bluray.Bia2HD.mkv", "thumbs": ["url1", "url2", "url3"], "subtitle": "tilte"}, {"name": "http://s8.bitdl.ir/Series/friends/S09/Friends.S09E08.720p.Bluray.Bia2HD.mkv", "url": "http://s8.bitdl.ir/Series/friends/S09/Friends.S09E08.720p.Bluray.Bia2HD.mkv", "thumbs": ["url1", "url2", "url3"], "subtitle": "tilte"}, {"name": "http://s8.bitdl.ir/Series/friends/S09/Friends.S09E09.720p.Bluray.Bia2HD.mkv", "url": "http://s8.bitdl.ir/Series/friends/S09/Friends.S09E09.720p.Bluray.Bia2HD.mkv", "thumbs": ["url1", "url2", "url3"], "subtitle": "tilte"}, {"name": "http://s8.bitdl.ir/Series/friends/S09/Friends.S09E10.720p.Bluray.Bia2HD.mkv", "url": "http://s8.bitdl.ir/Series/friends/S09/Friends.S09E10.720p.Bluray.Bia2HD.mkv", "thumbs": ["url1", "url2", "url3"], "subtitle": "tilte"}, {"name": "http://s8.bitdl.ir/Series/friends/S09/Friends.S09E11.720p.Bluray.Bia2HD.mkv", "url": "http://s8.bitdl.ir/Series/friends/S09/Friends.S09E11.720p.Bluray.Bia2HD.mkv", "thumbs": ["url1", "url2", "url3"], "subtitle": "tilte"}, {"name": "http://s8.bitdl.ir/Series/friends/S09/Friends.S09E12.720p.Bluray.Bia2HD.mkv", "url": "http://s8.bitdl.ir/Series/friends/S09/Friends.S09E12.720p.Bluray.Bia2HD.mkv", "thumbs": ["url1", "url2", "url3"], "subtitle": "tilte"}, {"name": "http://s8.bitdl.ir/Series/friends/S09/Friends.S09E13.720p.Bluray.Bia2HD.mkv", "url": "http://s8.bitdl.ir/Series/friends/S09/Friends.S09E13.720p.Bluray.Bia2HD.mkv", "thumbs": ["url1", "url2", "url3"], "subtitle": "tilte"}, {"name": "http://s8.bitdl.ir/Series/friends/S09/Friends.S09E14.720p.Bluray.Bia2HD.mkv", "url": "http://s8.bitdl.ir/Series/friends/S09/Friends.S09E14.720p.Bluray.Bia2HD.mkv", "thumbs": ["url1", "url2", "url3"], "subtitle": "tilte"}, {"name": "http://s8.bitdl.ir/Series/friends/S09/Friends.S09E15.720p.Bluray.Bia2HD.mkv", "url": "http://s8.bitdl.ir/Series/friends/S09/Friends.S09E15.720p.Bluray.Bia2HD.mkv", "thumbs": ["url1", "url2", "url3"], "subtitle": "tilte"}, {"name": "http://s8.bitdl.ir/Series/friends/S09/Friends.S09E16.720p.Bluray.Bia2HD.mkv", "url": "http://s8.bitdl.ir/Series/friends/S09/Friends.S09E16.720p.Bluray.Bia2HD.mkv", "thumbs": ["url1", "url2", "url3"], "subtitle": "tilte"}, {"name": "http://s8.bitdl.ir/Series/friends/S09/Friends.S09E17.720p.Bluray.Bia2HD.mkv", "url": "http://s8.bitdl.ir/Series/friends/S09/Friends.S09E17.720p.Bluray.Bia2HD.mkv", "thumbs": ["url1", "url2", "url3"], "subtitle": "tilte"}, {"name": "http://s8.bitdl.ir/Series/friends/S09/Friends.S09E18.720p.Bluray.Bia2HD.mkv", "url": "http://s8.bitdl.ir/Series/friends/S09/Friends.S09E18.720p.Bluray.Bia2HD.mkv", "thumbs": ["url1", "url2", "url3"], "subtitle": "tilte"}, {"name": "http://s8.bitdl.ir/Series/friends/S09/Friends.S09E19.720p.Bluray.Bia2HD.mkv", "url": "http://s8.bitdl.ir/Series/friends/S09/Friends.S09E19.720p.Bluray.Bia2HD.mkv", "thumbs": ["url1", "url2", "url3"], "subtitle": "tilte"}, {"name": "http://s8.bitdl.ir/Series/friends/S09/Friends.S09E20.720p.Bluray.Bia2HD.mkv", "url": "http://s8.bitdl.ir/Series/friends/S09/Friends.S09E20.720p.Bluray.Bia2HD.mkv", "thumbs": ["url1", "url2", "url3"], "subtitle": "tilte"}, {"name": "http://s8.bitdl.ir/Series/friends/S09/Friends.S09E21.720p.Bluray.Bia2HD.mkv", "url": "http://s8.bitdl.ir/Series/friends/S09/Friends.S09E21.720p.Bluray.Bia2HD.mkv", "thumbs": ["url1", "url2", "url3"], "subtitle": "tilte"}, {"name": "http://s8.bitdl.ir/Series/friends/S09/Friends.S09E22.720p.Bluray.Bia2HD.mkv", "url": "http://s8.bitdl.ir/Series/friends/S09/Friends.S09E22.720p.Bluray.Bia2HD.mkv", "thumbs": ["url1", "url2", "url3"], "subtitle": "tilte"}, {"name": "http://s8.bitdl.ir/Series/friends/S09/Friends.S09E23-E24.720p.Bluray.Bia2HD.mkv", "url": "http://s8.bitdl.ir/Series/friends/S09/Friends.S09E23-E24.720p.Bluray.Bia2HD.mkv", "thumbs": ["url1", "url2", "url3"], "subtitle": "tilte"}]}]}