{"series": "friends", "details": [{"season": 3, "episodes": [{"name": "http://s8.bitdl.ir/Series/friends/S03/Friends.s03e01.720p.bluray.x264-mrs.Bia2HD.mkv", "url": "http://s8.bitdl.ir/Series/friends/S03/Friends.s03e01.720p.bluray.x264-mrs.Bia2HD.mkv", "thumbs": ["url1", "url2", "url3"], "subtitle": "tilte"}, {"name": "http://s8.bitdl.ir/Series/friends/S03/Friends.s03e02.720p.bluray.x264-mrs.Bia2HD.mkv", "url": "http://s8.bitdl.ir/Series/friends/S03/Friends.s03e02.720p.bluray.x264-mrs.Bia2HD.mkv", "thumbs": ["url1", "url2", "url3"], "subtitle": "tilte"}, {"name": "http://s8.bitdl.ir/Series/friends/S03/Friends.s03e03.720p.bluray.x264-mrs.Bia2HD.mkv", "url": "http://s8.bitdl.ir/Series/friends/S03/Friends.s03e03.720p.bluray.x264-mrs.Bia2HD.mkv", "thumbs": ["url1", "url2", "url3"], "subtitle": "tilte"}, {"name": "http://s8.bitdl.ir/Series/friends/S03/Friends.s03e04.720p.bluray.x264-mrs.Bia2HD.mkv", "url": "http://s8.bitdl.ir/Series/friends/S03/Friends.s03e04.720p.bluray.x264-mrs.Bia2HD.mkv", "thumbs": ["url1", "url2", "url3"], "subtitle": "tilte"}, {"name": "http://s8.bitdl.ir/Series/friends/S03/Friends.s03e05.720p.bluray.x264-mrs.Bia2HD.mkv", "url": "http://s8.bitdl.ir/Series/friends/S03/Friends.s03e05.720p.bluray.x264-mrs.Bia2HD.mkv", "thumbs": ["url1", "url2", "url3"], "subtitle": "tilte"}, {"name": "http://s8.bitdl.ir/Series/friends/S03/Friends.s03e06.720p.bluray.x264-mrs.Bia2HD.mkv", "url": "http://s8.bitdl.ir/Series/friends/S03/Friends.s03e06.720p.bluray.x264-mrs.Bia2HD.mkv", "thumbs": ["url1", "url2", "url3"], "subtitle": "tilte"}, {"name": "http://s8.bitdl.ir/Series/friends/S03/Friends.s03e07.720p.bluray.x264-mrs.Bia2HD.mkv", "url": "http://s8.bitdl.ir/Series/friends/S03/Friends.s03e07.720p.bluray.x264-mrs.Bia2HD.mkv", "thumbs": ["url1", "url2", "url3"], "subtitle": "tilte"}, {"name": "http://s8.bitdl.ir/Series/friends/S03/Friends.s03e08.720p.bluray.x264-mrs.Bia2HD.mkv", "url": "http://s8.bitdl.ir/Series/friends/S03/Friends.s03e08.720p.bluray.x264-mrs.Bia2HD.mkv", "thumbs": ["url1", "url2", "url3"], "subtitle": "tilte"}, {"name": "http://s8.bitdl.ir/Series/friends/S03/Friends.s03e09.720p.bluray.x264-mrs.Bia2HD.mkv", "url": "http://s8.bitdl.ir/Series/friends/S03/Friends.s03e09.720p.bluray.x264-mrs.Bia2HD.mkv", "thumbs": ["url1", "url2", "url3"], "subtitle": "tilte"}, {"name": "http://s8.bitdl.ir/Series/friends/S03/Friends.s03e10.720p.bluray.x264-mrs.Bia2HD.mkv", "url": "http://s8.bitdl.ir/Series/friends/S03/Friends.s03e10.720p.bluray.x264-mrs.Bia2HD.mkv", "thumbs": ["url1", "url2", "url3"], "subtitle": "tilte"}, {"name": "http://s8.bitdl.ir/Series/friends/S03/Friends.s03e11.720p.bluray.x264-mrs.Bia2HD.mkv", "url": "http://s8.bitdl.ir/Series/friends/S03/Friends.s03e11.720p.bluray.x264-mrs.Bia2HD.mkv", "thumbs": ["url1", "url2", "url3"], "subtitle": "tilte"}, {"name": "http://s8.bitdl.ir/Series/friends/S03/Friends.s03e12.720p.bluray.x264-mrs.Bia2HD.mkv", "url": "http://s8.bitdl.ir/Series/friends/S03/Friends.s03e12.720p.bluray.x264-mrs.Bia2HD.mkv", "thumbs": ["url1", "url2", "url3"], "subtitle": "tilte"}, {"name": "http://s8.bitdl.ir/Series/friends/S03/Friends.s03e13.720p.bluray.x264-mrs.Bia2HD.mkv", "url": "http://s8.bitdl.ir/Series/friends/S03/Friends.s03e13.720p.bluray.x264-mrs.Bia2HD.mkv", "thumbs": ["url1", "url2", "url3"], "subtitle": "tilte"}, {"name": "http://s8.bitdl.ir/Series/friends/S03/Friends.s03e14.720p.bluray.x264-mrs.Bia2HD.mkv", "url": "http://s8.bitdl.ir/Series/friends/S03/Friends.s03e14.720p.bluray.x264-mrs.Bia2HD.mkv", "thumbs": ["url1", "url2", "url3"], "subtitle": "tilte"}, {"name": "http://s8.bitdl.ir/Series/friends/S03/Friends.s03e15.720p.bluray.x264-mrs.Bia2HD.mkv", "url": "http://s8.bitdl.ir/Series/friends/S03/Friends.s03e15.720p.bluray.x264-mrs.Bia2HD.mkv", "thumbs": ["url1", "url2", "url3"], "subtitle": "tilte"}, {"name": "http://s8.bitdl.ir/Series/friends/S03/Friends.s03e16.720p.bluray.x264-mrs.Bia2HD.mkv", "url": "http://s8.bitdl.ir/Series/friends/S03/Friends.s03e16.720p.bluray.x264-mrs.Bia2HD.mkv", "thumbs": ["url1", "url2", "url3"], "subtitle": "tilte"}, {"name": "http://s8.bitdl.ir/Series/friends/S03/Friends.s03e17.720p.bluray.x264-mrs.Bia2HD.mkv", "url": "http://s8.bitdl.ir/Series/friends/S03/Friends.s03e17.720p.bluray.x264-mrs.Bia2HD.mkv", "thumbs": ["url1", "url2", "url3"], "subtitle": "tilte"}, {"name": "http://s8.bitdl.ir/Series/friends/S03/Friends.s03e18.720p.bluray.x264-mrs.Bia2HD.mkv", "url": "http://s8.bitdl.ir/Series/friends/S03/Friends.s03e18.720p.bluray.x264-mrs.Bia2HD.mkv", "thumbs": ["url1", "url2", "url3"], "subtitle": "tilte"}, {"name": "http://s8.bitdl.ir/Series/friends/S03/Friends.s03e19.720p.bluray.x264-mrs.Bia2HD.mkv", "url": "http://s8.bitdl.ir/Series/friends/S03/Friends.s03e19.720p.bluray.x264-mrs.Bia2HD.mkv", "thumbs": ["url1", "url2", "url3"], "subtitle": "tilte"}, {"name": "http://s8.bitdl.ir/Series/friends/S03/Friends.s03e20.720p.bluray.x264-mrs.Bia2HD.mkv", "url": "http://s8.bitdl.ir/Series/friends/S03/Friends.s03e20.720p.bluray.x264-mrs.Bia2HD.mkv", "thumbs": ["url1", "url2", "url3"], "subtitle": "tilte"}, {"name": "http://s8.bitdl.ir/Series/friends/S03/Friends.s03e21.720p.bluray.x264-mrs.Bia2HD.mkv", "url": "http://s8.bitdl.ir/Series/friends/S03/Friends.s03e21.720p.bluray.x264-mrs.Bia2HD.mkv", "thumbs": ["url1", "url2", "url3"], "subtitle": "tilte"}, {"name": "http://s8.bitdl.ir/Series/friends/S03/Friends.s03e22.720p.bluray.x264-mrs.Bia2HD.mkv", "url": "http://s8.bitdl.ir/Series/friends/S03/Friends.s03e22.720p.bluray.x264-mrs.Bia2HD.mkv", "thumbs": ["url1", "url2", "url3"], "subtitle": "tilte"}, {"name": "http://s8.bitdl.ir/Series/friends/S03/Friends.s03e23.720p.bluray.x264-mrs.Bia2HD.mkv", "url": "http://s8.bitdl.ir/Series/friends/S03/Friends.s03e23.720p.bluray.x264-mrs.Bia2HD.mkv", "thumbs": ["url1", "url2", "url3"], "subtitle": "tilte"}, {"name": "http://s8.bitdl.ir/Series/friends/S03/Friends.s03e24.720p.bluray.x264-mrs.Bia2HD.mkv", "url": "http://s8.bitdl.ir/Series/friends/S03/Friends.s03e24.720p.bluray.x264-mrs.Bia2HD.mkv", "thumbs": ["url1", "url2", "url3"], "subtitle": "tilte"}, {"name": "http://s8.bitdl.ir/Series/friends/S03/Friends.s03e25.720p.bluray.x264-mrs.Bia2HD.mkv", "url": "http://s8.bitdl.ir/Series/friends/S03/Friends.s03e25.720p.bluray.x264-mrs.Bia2HD.mkv", "thumbs": ["url1", "url2", "url3"], "subtitle": "tilte"}]}]}